徽章,行走天數,地點,山名,難度,總距離(km),總時間(min),爬升高度(m),下降高度(m),地形路況,型態,最低海拔(m),最高海拔(m),所屬山系,入園證,入山證,詳細資訊,行程,區域
badge,walk_days,location,mt_name,diff,dist_km,time_min,ascend_m,descend_m,trail_cond,route_type,min_alt_m,max_alt_m,mt_range,park_permit,mt_permit,TripDetails,TripSchedule,region
百岳,1,花蓮縣秀林鄉,合歡主峰步道,1,3.6,131,202,195,水泥路,線型單向,3228,3417,合歡山系,0,0,"合歡山主峰是最親民的百岳路線之一，主峰標高3,417 公尺，由登山口出發，約一小時便可登頂，登頂後可盡覽合歡群峰、奇萊連峰、南湖大山等知名百岳，視野良好，是許多人的第一座百岳。於此處欣賞日出或日落皆宜，唯需注意要備妥頭燈與保暖衣物等必要裝備，以確保安全。
2024年4月-8月步道施工，全線封閉，最新消息請至太魯閣國家公園管理處官網查詢。","day: 合歡山主峰登山口 → (497 m, 17 m) → 觀景台 → (1 km, 38 m) → 廁所 → (175 m, 17 m) → 合歡山主峰

 → (996 m, 1 h) → 出登山口

",東
百岳,1,花蓮縣秀林鄉,羊頭山步道,2,7.6,479,1360,1137,"木梯,原始山徑,碎石坡",線型單向,1950,3035,中央山脈,1,0,"羊頭山是百岳中的老么（No.100），也是「中橫四辣」中的「小辣」，由登山口需陡上 1,000 公尺，足見其挑戰性。登頂可見畢祿山、鈴鳴山、中央尖山等百岳名山。羊頭山有其特殊歷史性：1969 年臺灣登山界「四大天王」之一的林文安先生完成羊頭山首攀，並將它列為百岳之一，帶動登山界攀登羊頭山的風潮。","day: 登山口（簡陋） → (200 m, 16 m) → 脫外套 → (1.2 km, 1 h 23 m) → 休息 → (22 m, 12 m) → 出發 → (399 m, 34 m) → 2k → (153 m, 15 m) → 休息 → (590 m, 1 h 7 m) → 三叉路口 → (29 m, 15 m) → 往羊頭 → (1 km, 1 h 3 m) → 羊頭山 → (0 m, 1 h 10 m) → 下山 → (0 m, 0 s) → 下山 → (960 m, 1 h 1 m) → 回到三岔路口 → (45 m, 15 m) → 回程下坡",東
百岳,1,南投縣仁愛鄉,石門山步道（合歡群峰）,1,1.2,67,95,187,"木棧道,石階",線型雙向,3050,3237,合歡山系,0,0,合歡群峰中的石門山，公認為「最簡單的百岳」，由登山口出發後半小時內就可抵達山頂，輕鬆欣賞合歡主峰、南湖大山、奇萊主峰、中央尖山等群峰環繞的壯闊美景。,"day: 停車於3158咖啡旁停車場 → (59 m, 4 m) → 行經合歡尖山登山口 → (109 m, 4 m) → 前方為石門山 → (103 m, 3 m) → 登山口旁有一個較小的停車場 → (259 m, 16 m) →  → (100 m, 3 m) →  → (266 m, 21 m) → 山頂",中
百岳,1,花蓮縣秀林鄉,合歡東峰步道,1,1.7,136,275,288,"石階,山徑,木棧道",線型單向,3123,3421,合歡山系,0,0,"合歡東峰海拔 3,421 公尺，百岳之一，登山口位於台 14 甲線松雪樓後方。步道四季景色分明，春季野花綻放，夏季綠意盎然、秋季蕭瑟、冬季覆雪，景緻各有千秋。步道沿線為玉山杜鵑族群最為集中之處，每逢 5、6 月間，桃紅色花海點綴著山頭滿山的奼紫嫣紅。昔日在坡度較為平緩的東峰東側曾設有滑雪訓練場，因此步道沿途可見廢棄的纜車轉運站。（資料來源：台灣山林悠遊網）","day: 開始登山 → (703 m, 1 h 22 m) → 1 km → (158 m, 13 m) → 合歡山東峰-3421m → (505 m, 34 m) → 2 km → (104 m, 6 m) → 安全下山",東
百岳,1,高雄市桃源區,小關山,3,11,498,1173,1092,"林道,原始山徑",線型單向,2134,3249,中央山脈,0,1,"小關山位於中央山脈大縱走「南一段」的路線中段，海拔 3249 公尺，百岳編號第 61 號，附近接連海諾南山、卑南主山等山。其特色為山形醒目，並為中央山脈主稜轉彎處。
小關山林道路況不佳，建議四輪傳動車或包車前往。中途經神池營地，部分山友會安排兩天行程並在此紮營，行程較不會太累。","day: 登山口 → (3.2 km, 2 h 20 m) → 神池 → (2.2 km, 2 h 58 m) → 小關山 → (5.4 km, 3 h) → 登山口",南
百岳,1,嘉義縣阿里山鄉,玉山前峰步道,2,7,400,724,751,"林道,泥土路,碎石路",線型單向,2603,3239,玉山山脈,1,1,"玉山前峰海拔 3,239 公尺，為玉山群峰的入門百岳，路線雖然不長，但最具挑戰性的地方在於需手腳並用陡上石瀑地形，是考驗肌力與協調性的路線。","day: 開始登山 → (309 m, 18 m) → 鐵鏈 → (208 m, 8 m) → 0.5km → (403 m, 31 m) → 1km → (421 m, 26 m) → 1.5km → (121 m, 2 m) → 孟祿亭 → (226 m, 14 m) → 廁所 → (226 m, 11 m) → 2.0km → (434 m, 20 m) → 2.5km → (240 m, 7 m) → 2.7km → (148 m, 24 m) → 前0.6km → (123 m, 17 m) → 前0.4km → (375 m, 2 h 2 m) → 玉山前峰三角點 → (6 m, 1 m) → 下山 → (571 m, 1 h 14 m) → 回到分叉點 → (948 m, 48 m) → 回到孟祿亭 → (1.5 km, 54 m) → 安全下山",南
百岳,1,南投縣仁愛鄉,合歡北峰登山步道,1,4.3,187,402,461,"枕木步道,箭竹山徑",線型單向,2951,3422,合歡山系,0,0,"合歡北峰海拔 3,422 公尺，是合歡群峰中的最高峰，也是「十崇」之一。最知名的地標為接近山頂前的一巨型反射板，此處視野開闊，運氣好可觀雲海、日出，十分值得一覽。行經反射板後，走在箭竹短草原中，視野開闊，是臺灣高山最具魅力的景色之一。合歡北峰因路程較短、地形相對單純，且交通便利，是很適合入門的新手百岳路線。<br>過去山友常紮營的小溪營地，依太魯閣國家公園規定，為禁止宿營區域，請山友留意勿前往紮營，以免受罰。","day: 小風口登山口 → (674 m, 51 m) → .9k → (0 m, 3 m) → 玉山圓柏 → (405 m, 32 m) → 合歡北峰步道 → (56 m, 8 m) → 合歡北峰反射板 → (626 m, 24 m) → 合歡山北峰 → (775 m, 25 m) → 合歡北峰步道 → (406 m, 16 m) → .9k → (667 m, 25 m) → 小風口登山口",中
百岳,1,臺東縣海端鄉,關山嶺山步道,1,2.3,134,324,452,"土徑步道,岩壁",線型單向,2704,3176,中央山脈,0,1,關山嶺山、塔關山以及庫哈諾辛山合稱「南橫三星」，屬於中央山脈中段之末，位處玉山國家公園範圍內，其中登山口位於南橫公路大關山隧道旁的關山嶺山，是南橫三星中最容易攀登的山峰，為台灣百岳之一。步道沿途高海拔森林植被及地形景觀多樣壯闊，無論是高聳入天際的鐵杉林、雲杉林，傲然挺立的白木林，或是演替初期的玉山箭竹草原，都詮釋著台灣高山生態的豐饒與活力，就在步道旁的峭壁裸岩間，便可看到綠色植群正以最大的可能擴展生命版圖。稜線上的展望極佳，可以眺望庫哈諾辛山與關山，山頂更是觀賞關山大崩壁的最佳的地方。（資料來源：台灣山林悠遊網）,"day: 登山口 → (1 km, 1 h 38 m) → 三角點 → (1.1 km, 37 m) → 登山口",東
百岳,1,南投縣信義鄉,西巒大山,3,11.8,561,1623,1516,"土石山徑,針葉樹根路徑,岩壁",線型單向,1573,3081,玉山山塊郡大山列,0,1,"西巒大山與志佳陽大山都是被山友們稱作「單攻聖品」的熱門一日來回百岳行程，起登後一路陡升1,500 公尺，因此也被戲稱為「膝軟大山」。有展望處不多，可遠望日月潭。","day: 開始登山-登山口 → (874 m, 31 m) → 1K處 → (975 m, 43 m) → 2K處 → (560 m, 40 m) → 2.68K處-森林營地 → (220 m, 11 m) → 3K處 → (729 m, 41 m) → 3.84K處 廢墟木屋營地 → (782 m, 1 h 9 m) → 5K處 → (736 m, 1 h 21 m) → 6K處 → (323 m, 31 m) → 6.5K處 西巒大山三角點 → (4.2 km, 4 h 23 m) → 回程-1.68K處 → (1.6 km, 29 m) → 安全下山",中
合歡群峰,1,南投縣仁愛鄉,合歡南峰步道,1,5.9,152,461,333,原始山徑,線型單向,3079,3473,中央山脈,0,0,"合歡山南峰，海拔 3,205 公尺，登山口位於昆陽停車場旁，約 20 分鐘即可登頂。雖不屬百岳，但登上山頂可由不同角度欣賞合歡群峰，也是非常值得一走的路線，可與合歡山主峰一同安排。","day: 開始登山-昆陽停車場 → (408 m, 28 m) → 合歡南峰 → (942 m, 24 m) → 合歡主峰登山口 → (1.1 km, 38 m) → 合歡主峰到了 → (1.7 km, 40 m) → 合歡山主峰登山口 → (1.2 km, 22 m) → 返回昆陽停車場",中
平岩山,1,宜蘭縣大同鄉,平多縱走（平岩山、多加屯山）,3,16.4,599,1065,763,"林道,木梯,原始山徑,碎石坡",線型單向,2545,3103,中央山脈,1,0,平岩山沿途可展望雪山山脈，登頂後可欣賞南湖群峰、中央尖山，有「百岳觀景臺」的美名。,"day: 開始登山 → (282 m, 8 m) → 林道口 → (984 m, 27 m) → 平岩山登山口 → (707 m, 19 m) → 雨量計 → (600 m, 29 m) → 小空地 → (685 m, 41 m) → 平岩池 → (197 m, 21 m) → 出發 → (397 m, 21 m) → 防火巷起點 → (344 m, 15 m) → 展望點 → (385 m, 22 m) → 平岩山 → (53 m, 23 m) → 出發 → (863 m, 27 m) → 2824峰 → (1 km, 39 m) → 岩體觀景點 → (12 m, 11 m) → 出發 → (999 m, 35 m) → 多加屯山屋 → (0 m, 1 m) → 南湖三叉路 → (845 m, 29 m) → 多加屯山 → (770 m, 43 m) → 南湖三叉口 → (347 m, 9 m) → 松風嶺叉8K → (118 m, 8 m) → 出發 → (1.2 km, 35 m) → 南湖登山口林道6.8k → (340 m, 7 m) → 6.2K高繞點 → (21 m, 5 m) → 出發 → (352 m, 27 m) → 高繞結束接林道 → (1.1 km, 20 m) →  → (45 m, 6 m) → 勝光山 → (670 m, 28 m) → 大水池 → (1.1 km, 30 m) → 勝光登山口 → (36 m, 0 s) → 安全下山",北
百岳,1,臺東縣海端鄉,塔關山,2,2.2,201,630,1805,"吊橋,泥土路,鐵棧道",線型單向,1540,3222,雪山山脉,1,0,"塔關山，又名大關山，是台灣中央山脈南段主脊上著名高山關山東北側的山峰，標高 3,222 公尺，台灣百岳排名第 72，位於臺東縣海端鄉利稻村與高雄市桃源區梅山里之間，玉山國家公園西南邊界，為南橫三星之中岳。（資料來源：維基百科）","day: 登山口 → (408 m, 19 m) → 大關山駐在所遺址 → (186 m, 13 m) → 1 km → (40 m, 25 m) → 休息椅 → (27 m, 5 m) → 1k路標 → (92 m, 11 m) → 訊號點（台哥大、中華） → (296 m, 23 m) → 1.5k路標 → (194 m, 36 m) → 2k路標 → (31 m, 5 m) → 休息椅子 → (16 m, 11 m) → 7535三角點 → (11 m, 34 m) → 回程 → (14 m, 3 m) → 2 km → (385 m, 1 h 46 m) → 抵達",東
小百岳,1,屏東縣獅子鄉,里龍山自然步道,2,7.1,269,623,416,"樹根土石山徑,林道,箭竹林",線型單向,2858,3101,玉山山脈,0,1,"里龍山-中級郊山
里龍山是恆春半島獨一無二的超過1000公尺海拔的山峰，屬於臺灣小百岳之一。這座山嶺被山林環繞著，四處都是鳥鳴聲，動植物里類豐富，還能夠偶爾瞧見珍稀動物，如藍腹鷴等。此外，這裡也是稀有珍貴的臺灣穗花衫的生長地點，是生態學者感到津津樂道的地方。
前半段的山徑比較平坦，和容易行走，但是後半段路徑就具有挑戰性。因此，里龍山也成為南部山友攀登百岳的必備之處。如果你具備中等的體力與山路經驗，那麼不要猶豫，快來挑戰這座為人稱道的中級郊山吧！
登上山頂，你可以看到一顆一等三角點，如果天氣晴朗的話，還能夠看到小琉球在藍海中獨特的美麗面貌，以及遠眺牡丹水庫橫躺於群山之間的壯麗景觀。這裡是一個遠離城市煩囂、享受大自然的好去處。","day: 紫竹林龍峰寺 @ 屏東縣 → (1.6 km, 1 h 7 m) → 溪床替代路段 @ 屏東縣 → (592 m, 29 m) → 木棧橋 @ 屏東縣 → (743 m, 31 m) → 里龍山登山路線 @ 屏東縣 → (584 m, 45 m) → 里龍山 @ 屏東縣 → (552 m, 20 m) → 里龍山登山路線 @ 屏東縣 → (605 m, 18 m) → 休憩區涼亭 @ 屏東縣 → (654 m, 19 m) → 溪床替代路段 @ 屏東縣 → (1.4 km, 38 m) → 紫竹林龍峰寺 @ 屏東縣",南
百岳,1,花蓮縣秀林鄉,合歡西峰登山步道,2,13.1,488,865,992,山徑,線型單向,2283,3145,中央山脉,1,0,被山友戲稱為「四大鳥山」之一的合歡西峰，沿途的高山草原視野開闊，其實是一條可看性很高的路線。最磨人的就是途中不停遇到的假山頭、上上下下，是一條十分需要體力與耐力才能完成的路線。,"day: 小風口登山口 → (674 m, 51 m) → .9k → (0 m, 3 m) → 玉山圓柏 → (405 m, 32 m) → 合歡北峰步道 → (56 m, 8 m) → 合歡北峰反射板 → (621 m, 24 m) → 合歡山北峰 → (2.1 km, 1 h 11 m) → 池塘營地 → (977 m, 37 m) → 峰 → (725 m, 21 m) → 西峰營地 → (47 m, 2 m) → 合歡山西峰 → (66 m, 2 m) → 西峰營地 → (768 m, 30 m) → 峰 → (1 km, 28 m) → 池塘營地 → (2.1 km, 1 h 47 m) → 合歡山北峰 → (745 m, 25 m) → 合歡北峰步道 → (406 m, 16 m) → .9k → (667 m, 26 m) → 小風口登山口",東
百岳,1,高雄市桃源區,庫哈諾辛山,2,5.6,281,726,1702,"石階,枕木階",線型雙向,2158,3115,雪山山脈,1,0,庫哈諾辛山、關山嶺山與塔關山合稱「南橫三星」，屬於中央山脈中段之末，位處玉山國家公園範圍內，其登山口是由南橫公路進逕橋旁小徑入山，是「南橫三星」中難度最高的一座。,"day: 庫哈諾辛山登山口 → (1.2 km, 1 h 54 m) → 庫哈諾辛山屋 → (1.5 km, 1 h 4 m) → 庫哈諾辛山 → (2.7 km, 1 h 43 m) → 庫哈諾辛山登山口",南
百岳,1,南投縣仁愛鄉,合歡西峰下華崗,3,14.4,524,1091,1660,步道,線型雙向,2610,3145,玉山山脈,1,1,合歡西峰以路途遙遠、需翻越多個多個山頭而聞名，尤其回程更是辛苦。因此部分山友會選擇由華崗下山，但因需過合歡溪，必須慎重考量腳程與天候，以免增加危險。,"day: 開始登山 → (2 km, 1 h 21 m) → 北峰頂抵達 → (6 m, 27 m) → 出發前往西峰 → (3.1 km, 2 h 5 m) → 華崗岔路，小休後往西峰 → (812 m, 33 m) → 合歡西峰頂 → (801 m, 49 m) → 回到華崗岔路，午餐 → (33 m, 28 m) → 出發下華崗方向 → (1.7 km, 1 h 29 m) → 下到合歡溪 → (4.9 km, 1 h 28 m) → 抵達華崗圓環結束登山",中
百岳,1,南投縣仁愛鄉,合歡西稜,2,10.4,341,310,273,箭竹矮坡,縱走,2638,3145,中央山脉,0,1,「合歡西稜」是一條引領遊客從合歡主峰到梅松山的稜線路線。攀爬箭竹草坡是全程必須的艱辛，但這條路線充滿了壯麗的風景，可以欣賞到合歡山群峰、守城大山、白姑大山以及雪山山脈。從合歡主峰開始，路線落差不小，攀爬難度較大，需要緊抓著箭竹輔助前進。不過攀爬路徑兩旁是活水源的溪澗，讓遊客得以補充飲水。而且沿途還有寬闊平坦的營地供遊客紮營。攀升到3085峰後，可以從山上看到紅香部落。之後，路線逐漸緩降至梅松山，山頭被林木所覆蓋，需要穿過密林才能夠到達力行產業道路支線上的登山口。總體而言，「合歡西稜」是一條攀爬難度較高、但風景美麗的行程，能夠挑戰遊客的腳力和體力，相信會帶給你一次難忘的登山體驗。,"day: 合歡主峰登山口 → (850 m, 38 m) → 合歡主峰 (3416) @ 南投縣 → (512 m, 25 m) → 合歡主峰 → (1.8 km, 51 m) → 合歡山西北峰 @ 南投縣 → (2.2 km, 1 h 17 m) → 巴魯莫安山 @ 南投縣 → (1.5 km, 44 m) → 三等三角點 6392 @ 南投縣 → (725 m, 27 m) → 梅松山步道 @ 南投縣 → (687 m, 22 m) → 梅松山步道 @ 南投縣 → (720 m, 20 m) → 梅松山步道 @ 南投縣 → (1.2 km, 34 m) → 梅松山登山口",中
百岳,1,花蓮縣秀林鄉,天巒池下武法奈尾山出將軍廟,1,8.6,303,449,1300,"溪谷,木梯,原始山徑,岩壁,碎石坡",線型單向,1945,3025,中央山脈,0,0,"天巒池登山步道
天巒池登山步道位於武法奈尾山上。登上山頂後，您會被眼前的景色深深吸引。天巒池的湖面彎弧如月，如鏡般晶瑩，蔚藍的天空映照在湖面上，讓人一時忘卻紛擾。如果您在傍晚時分來到這裡，壯麗的雲霧籠罩天巒池，呈現出迷人的仙境景色。
您可以找個地方坐下來，靜靜欣賞湖中的倒木，感受時光在此凝結。在這個留戀自然的環境中，您的靈魂會得到療癒。
從武法奈尾山往北行，只需10分鐘就可以登頂。登上山頂後，您可以回望合歡北峰，遠眺雪山聖稜線、雪山西稜線、北一段和北二段。在這裡，您可以盡情欣賞秀麗的山巒風光。
在下山的路上，您可以往東營大將軍廟方向前進。沿途的路是柔軟有彈性的松針地毯，陽光在二葉松林間跳躍起舞。這種愜意和平靜勾引著您的靈魂，仿佛您已融入大自然的懷抱中。
天巒池登山步道這裡景色壯麗，非常適合愛好大自然的朋友。記得提前安排時間前來，讓自己享受一次融入大自然的愜意旅程。","day: 合歡山北峰登山口 → (653 m, 47 m) → 里程1.0k → (1.1 km, 58 m) → 里程1.5k → (800 m, 24 m) → 水源叉路 → (613 m, 19 m) → 廢電桿 → (716 m, 23 m) → 天巒池 @ 南投縣 → (997 m, 30 m) → T字路口 → (1.7 km, 49 m) → Huirong Lane @ 南投縣 → (1.8 km, 50 m) → 東營將軍廟",東
百岳,1,南投縣仁愛鄉,畢祿山步道,3,19.7,786,1490,2000,山徑,單攻,1860,3371,雪山山脈,1,0,畢祿山是「中橫四辣」中的「中辣」，由 820 林道進入，經 8.4 公里後，最後 2 公里需陡上 800 公尺，對體力有十足挑戰。畢祿山可安排一日往返、或與鄰近的羊頭山安排為畢羊縱走。山頂展望良好，可一覽合歡群峰、奇萊連峰、北一段、北二段、無明大崩壁等山景。,"day: 林道入口 → (7.3 km, 4 h 9 m) → 工寮 → (826 m, 32 m) → 登山口營地 → (1.5 km, 2 h 39 m) → 畢祿山 → (9.8 km, 5 h 46 m) → 林道入口",中
百岳,1,臺中市和平區,志佳陽大山,3,15.9,614,1671,1388,山徑,線型單向,1899,3345,雪山山脈,1,0,"被許多山友稱之為「單攻聖品」的志佳陽大山，在前 3.1 公里都是平路與緩坡，但剩下的 4.7 公里，必須一路陡上 1,700 公尺，十分挑戰腳力，因此也被暱稱為「治腳癢」。一切的辛苦在抵達最高峰處都得到了回報——360 度無死角的美景，可眺望雪山、武陵四秀、北一段、北二段群山環繞，十分享受！","day: 開始登山-四季蘭溪吊橋 → (0 m, 2 m) → 入園信箱📪 → (531 m, 9 m) → 看到此牌岔路處取左(目前已有新鋪的碎石路，不需高繞或下切) → (0 m, 1 m) → 鐵皮屋(直接穿越） → (0 m, 1 m) → 流籠頭 → (161 m, 4 m) → 鐵棧橋 → (332 m, 5 m) → 岔路處取左(往雪山主峰方向) → (0 m, 1 m) → 岔路處取左 → (139 m, 4 m) → 1.8K處 → (0 m, 1 m) → 棧橋一號 → (101 m, 4 m) → 棧橋二號 → (185 m, 5 m) → 棧橋三號 → (21 m, 2 m) → 攀繩處 → (550 m, 11 m) → 3K處 → (0 m, 1 m) → 棧橋毀損四號 → (0 m, 3 m) → 3.1K處-營地 → (758 m, 1 h 11 m) → 4K處 → (734 m, 54 m) → 5K處 → (815 m, 1 h 5 m) → 6K處 → (37 m, 1 m) → 賽良久營地 → (732 m, 1 h 14 m) → 6.9K 馬武霸山叉路處 → (36 m, 5 m) → 7K處 → (198 m, 18 m) → 瓢簞山屋叉路 → (458 m, 34 m) → 志佳陽大山三等三角點 3289M(休息等夥伴 → (207 m, 1 h 28 m) → 志佳陽最高峰 3345M(吃中餐 → (0 m, 1 h 2 m) → 開始登山-3389M回程 → (1.3 km, 59 m) → 回程-賽良久營地 → (2.3 km, 2 h 27 m) → 回程-3.1K營地(白天視角 → (592 m, 28 m) → 回程-志佳陽三號棧橋 → (182 m, 3 m) → 回程-志佳陽二號棧橋 → (510 m, 9 m) → 回程-叉路取左(白天視角 → (0 m, 2 m) → 回程-叉路處往雪主方向(白天視角 → (264 m, 5 m) → 回程-右邊鐵橋處(白天視角 → (52 m, 4 m) → 回程-流籠頭(白天視角 → (0 m, 1 m) → 回程-鐵皮屋(白天視角 → (0 m, 0 s) → 回程-不需高繞及下切點，挖土機已開一條碎石路(白天視角 → (663 m, 14 m) → 回程終點-四季蘭溪吊橋",中
百岳,2,南投縣信義鄉,郡大山登山步道,1,7.2,244,437,1397,"山徑,碎石坡",線型雙向,2576,3263,玉山山脈,0,0,郡大山位於南投縣信義鄉，為百岳「八秀」之一，路線難度不高，但需經由路況不佳的郡大林道前往，常被山友戲稱為「坐車比爬山累」。途經望鄉山與郡大山北峰，抵達三角點後可欣賞玉山群峰、西巒大山、干卓萬群峰等百岳環繞大景，近年來也成為一條熱門的初階百岳路線。,"day: 郡大山登山口 → (506 m, 29 m) → 望鄉山 → (1.6 km, 1 h 16 m) → 郡大山北峰 → (1.4 km, 39 m) → 郡大山 → (3.5 km, 1 h 39 m) → 郡大山登山口",中
百岳,2,苗栗縣泰安鄉,雪山主東峰步道,3,19.3,826,1767,2164,"自然山徑,產道",環狀,1109,3886,雪山山脈,1,1,雪山主峰為臺灣第二高峰，大眾化的雪山主東峰是初階的百岳路線，一般由武陵農場內的大水池登山口出發，行經七卡山莊、哭坡後，可抵達雪山東峰，此處展望極佳，並設有一直升機停機坪，可選擇一日輕裝來回東峰。<br>繼續前行會抵達三六九山莊，在此過夜一晚後，隔日循步道進入俗稱「黑森林」的冷杉純林，出森林後雪山一號圈谷即在眼前，可親身體會其壯闊。,"day: 雪山大水池登山口 → (1.6 km, 1 h 42 m) → 七卡山莊 → (1.4 km, 1 h 49 m) → 哭坡觀景台 → (944 m, 48 m) → 雪山東峰 → (1.8 km, 59 m) → 三六九山莊

day: 三六九山莊 → (1.2 km, 1 h 11 m) → 黑森林 → (1.1 km, 1 h 26 m) → 雪山一號圈谷 → (480 m, 38 m) → 雪山主峰 → (411 m, 18 m) → 雪山一號圈谷 → (1.1 km, 47 m) → 黑森林 → (1.2 km, 49 m) → 三六九山莊 → (2.7 km, 1 h 30 m) → 哭坡觀景台 → (1.4 km, 52 m) → 七卡山莊 → (1.6 km, 52 m) → 雪山大水池登山口",中
百岳,2,嘉義縣阿里山鄉,玉山主峰步道,2,18.8,797,1660,1536,"石階步道,碎石路,岩石路",線型單向,2590,3952,玉山山脈,1,1,"玉山，臺灣的第一高峰，為百岳之首，海拔 3,952 公尺，也是東北亞最高峰。位於臺灣的中部，四周群峰環繞，被視為臺灣群山之首。玉山擁有雄偉的山容和絕佳的展望，沿途更可見豐富的林相變化，登頂後可觀賞絕美的日出景色和雲海，讓登頂玉山成為了許多人心中「一生必做的三件事」之一。一般由塔塔加登山口起登前往，沿途步道維護良好，山景變化萬千，漫步其中堪為一大享受。","day: 玉山登山口 → (1.3 km, 1 h 9 m) → 孟祿亭 → (1 km, 43 m) → 玉山前峰登山口 → (2.1 km, 1 h 42 m) → 白木林休憩亭 → (3 km, 2 h 22 m) → 排雲山莊

day: 排雲山莊 → (572 m, 41 m) → 圓峰叉路口 → (967 m, 56 m) → 主北叉路 → (158 m, 16 m) → 玉山主峰 → (841 m, 1 h 4 m) → 排雲山莊 → (2 km, 1 h 39 m) → 白木林休憩亭 → (2.1 km, 1 h 12 m) → 玉山前峰登山口 → (931 m, 43 m) → 孟祿亭 → (1.3 km, 46 m) → 玉山登山口",南
百岳,2,臺東縣海端鄉,關山嶺山至魔保來山縱走,2,12.6,555,1163,1163,"原始山徑,稜線路",縱走,2704,3176,中央山脉,0,1,魔保來山是登山界著名的三魔之一，與高雄縣桃源鄉的魔界碗山和宜蘭縣大同鄉的魔葉名病山並列。這座山以其360度的全景視野而聞名，是欣賞南橫百岳群山壯麗景色的最佳觀景平台。此路線屬探勘路線，是南台灣極據挑戰性的登山路線之一。,"day: 關山嶺山登山口 → (1.3 km, 1 h 51 m) → 關山嶺山 → (1.9 km, 1 h 23 m) → 小營地 → (917 m, 34 m) → 看天池營地

day: 看天池營地 → (625 m, 22 m) → 魔保來山 → (4.3 km, 2 h 43 m) → 向陽山屋 @ 臺東縣 → (3.4 km, 2 h 24 m) → 向陽國家森林遊樂區 @ 臺東縣",東
百岳,2,花蓮縣秀林鄉,屏風山步道,3,14.1,1096,2083,2083,"岩屑坡,原始山徑,稜線路",線型單向,2480,3250,中央山脈,1,1,"屏風山位於太魯閣國家公園境內，由合歡山區遠眺有如一座屏風，因而得名。海拔 3,250 公尺，為百岳之一，也是「中橫四辣」中的「大辣」，單攻難度高，若時間許可建議可安排二至三日行程較為寬裕。","day: 開始登山 → (1.3 km, 1 h 18 m) → 休息 → (185 m, 17 m) → 溪谷 → (116 m, 29 m) → 抖上 → (830 m, 1 h 21 m) → 扎營

day: 第二天 → (494 m, 19 m) → 水源 → (278 m, 12 m) → 標記50 → (3.2 km, 4 h 46 m) → 寬廣景觀 → (5.8 km, 6 h 38 m) → 抖上 → (1.4 km, 2 h 36 m) → 下山",東
百岳,2,宜蘭縣大同鄉,武陵二秀：桃山與喀拉業山,3,16.9,731,1686,2000,山徑,單攻,1860,3325,雪山山脈,1,0,桃山峰頂有如桃尖一般，因此得名桃山；喀拉業山則是四秀中最矮的一座，也是路途最遙遠的一座，有臺灣百岳「四大鳥山」之一的稱號。,"day: 武陵山莊 → (1.1 km, 41 m) → 松濤亭 → (4.1 km, 5 h 25 m) → 桃山山屋

day: 桃山山屋 → (171 m, 8 m) → 桃山 → (1.5 km, 38 m) → 詩崙山 → (1.3 km, 35 m) → 喀拉業山 → (1.3 km, 44 m) → 詩崙山 → (1.5 km, 50 m) → 桃山 → (155 m, 6 m) → 桃山山屋 → (4.2 km, 2 h 32 m) → 松濤亭 → (1 km, 29 m) → 武陵山莊",北
百岳,2,新竹縣尖石鄉,桃山步道,3,11.1,554,1445,1445,"山徑,箭竹坡,稜線路",線型單向,1860,3325,雪山山脈,1,0,"山容壯麗的桃山與品田、池有、喀拉業並稱「武陵四秀」，四座山頭並列於武陵農場北方，是臺灣最有名的百岳路線之一。前往桃山的路徑，由桃山瀑布進入，穿越之字形的松針防火道，路線一路陡上，單程 7.9 公里的路程需要爬升 1,400 多公尺，是具挑戰性的路線。然而登頂後可以享受絕佳展望，聖稜線、大霸、南湖群峰一覽無遺。","day: [D1]武陵山莊 → (871 m, 45 m) → [D1]松濤亭 → (3.1 km, 5 h 40 m) → [D1]桃山山屋

day: [D2]桃山山屋 → (242 m, 9 m) → [D2]桃山 → (0 m, 0 s) → [D2]桃山 → (242 m, 7 m) → [D2]桃山山屋 → (3.1 km, 2 h 3 m) → [D2]松濤亭 → (871 m, 29 m) → [D2]武陵山莊",北
百岳,2,南投縣信義鄉,玉山主峰與北峰,3,24,1069,1689,1689,"石階步道,碎石路,岩石路",線型單向,2590,3952,玉山山脈,1,1,玉山北峰為臺灣八秀之首，峰頂有臺灣最高中央氣象局氣象站，也是臺灣最高建築物。,"day: 開始登山 → (6.8 km, 4 h 23 m) → 抵達排雲山莊

day: 起登 → (3.2 km, 4 h 39 m) → 玉山北峰 → (2.2 km, 3 h 31 m) → 玉山主峰 → (0 m, 1 h 49 m) → 忘記按下山了 → (854 m, 30 m) → 抵達排雲 → (7.6 km, 5 h 1 m) → 出玉山登山口 → (2.9 km, 59 m) → 安全下山",中
百岳,2,高雄市桃源區,楠梓仙溪上南玉山,3,28.8,1128,2260,2260,"林道,溪谷,原始山徑",線型單向,900,3383,玉山山脈,1,1,"南玉山挑戰路線是玉山後四峰之一，並是玉山主脊向南的高峰之一。從塔塔加鞍部出發，這條路線蜿蜒穿過楠溪林道，讓您能夠欣賞令人驚嘆的楠梓仙溪。在途中，您會經過熊國世界以及水鹿足跡，最後爬上一個嶙峋的岩稜，攀越至南玉山。這條路線適合有豐富登山經驗的人。
請注意，這條路線屬於玉山國家公園入園申請之其他路線，入園申請需要上傳登山計畫書以供審查。第一天，您可以攜帶重裝前往楠溪橋營地過夜，然後在第二天輕裝前往南玉山。然而，請注意楠溪林道過林務局楠梓仙溪保育所後需要繞路，請留意下切點並循路徑返回楠溪林道。此外，在從巴伊車留山到南玉山的路徑不太明顯，易於與獸徑混淆，因此請確保您具有優良的路徑辨識技巧和相關登山知識。","day: 玉山登山口 @ 嘉義縣 → (5.1 km, 2 h 31 m) → Linwuju Nanxi Gongzuozhan @ 嘉義縣 → (4.8 km, 2 h 5 m) → 楠溪林道14.5K營地 @ 嘉義縣 → (2.6 km, 2 h 38 m) → 巴伊車留山 @ 高雄市

day: 巴伊車留山 @ 高雄市 → (1.8 km, 2 h 35 m) → 南玉山 @ 高雄市 → (1.8 km, 1 h 8 m) → 巴伊車留山 @ 高雄市 → (2.6 km, 1 h 30 m) → 楠溪林道14.5K營地 @ 嘉義縣 → (4.7 km, 2 h 52 m) → Linwuju Nanxi Gongzuozhan @ 嘉義縣 → (5.1 km, 3 h 29 m) → 玉山登山口 @ 嘉義縣",南
百岳,2,南投縣信義鄉,東埔上郡大下開高巷O型,3,16.8,845,2169,2169,"山徑,林道,稜線路",環狀,1200,3263,玉山山脈,1,1,【挑戰原始山林及人文臺灣】東埔上郡大山路線<挑戰級>，須具備找路和地圖判讀等能力。起點在稜線，途經箭竹林和瘦稜等地形，最終登上高度1684公尺的郡大山。往北峰，下開高山往南稜返回東埔，全長約12公里。挑戰此路線，您可以欣賞到罕見的原始山林及許多人文臺灣的元素。建議攜帶足夠的食物和飲水，穿著合適的裝備，以應對挑戰。如果您是一位經驗豐富的登山者，這條路線絕對值得一試。,"day: 東埔派出所 → (4.7 km, 5 h 17 m) → 紅檜平台 → (2.5 km, 3 h 34 m) → 郡大南鞍營地 @ 南投縣

day: 郡大南鞍營地 @ 南投縣 → (259 m, 16 m) → 郡大山 → (1.4 km, 38 m) → 郡大山北峰 → (1.6 km, 45 m) → 望鄉山 @ 南投縣 → (2.6 km, 1 h 31 m) → 開高山 → (493 m, 16 m) → 開高山南山 → (588 m, 24 m) → 開高山南峰 @ 南投縣 → (2.4 km, 1 h 22 m) → 東埔派出所",中
百岳,2,臺中市和平區,武陵二秀：品田山與池有山,2,19.2,889,1615,1615,"山徑,箭竹坡,岩稜",縱走,1860,3524,雪山山脈,1,0,品田山是四秀之最高峰，登頂前需過 V 斷較危險，若天候不佳則不建議前往；池有山是其中較平緩的山頭，介於池有山與新達山屋間的山徑上有一棵造型特殊的「池有名樹」，是池有山步道上的著名地標。,"day: 開始登山 → (3.9 km, 1 h 11 m) → 池有品田登山口 → (397 m, 30 m) → 0.5k → (611 m, 34 m) → 1.1k → (389 m, 33 m) → 1.5k → (498 m, 49 m) → 2k → (1.4 km, 2 h 19 m) → 三叉營地 → (0 m, 1 h 52 m) → 完登池有山下徹 → (212 m, 22 m) → 煮午餐 → (811 m, 2 h 2 m) → 新達池 → (284 m, 19 m) → 抵達新達山屋

day: 第二天起登 → (1.4 km, 2 h 21 m) → 登頂準備下撤 → (1.6 km, 1 h 43 m) → 返回山屋 → (0 m, 1 h 10 m) → 新達山屋開始返程 → (999 m, 1 h 16 m) → 返回池有山0.3k登山口 → (2.3 km, 1 h 52 m) → 1.2k回程休 → (0 m, 48 m) → 返回登山口 → (1.7 km, 43 m) → 巧遇藍腹鷴（一公一母） → (465 m, 10 m) → 安全下山",中
百岳,2,花蓮縣秀林鄉,卯畢羊縱走,2,18.7,1017,1388,1388,"山徑,稜線路,箭竹坡",縱走,2800,3371,中央山脈,1,1,合歡越嶺古道起登，經卯木山、畢祿南峰、鋸齒連峰、畢祿山、羊頭山，最後出慈恩隧道。可探訪日治時期合歡越嶺古道、中橫公路開發演變之人文地景，是一條具有文化、自然與挑戰的縱走路線。,"day: 開始登山 → (1 km, 54 m) → 卯木山 → (2.4 km, 2 h 35 m) → 觀原駐在所 → (3 km, 3 h 23 m) → 小完美谷營地

day: 繼續記錄 → (283 m, 24 m) → 畢祿山南峰 → (1.2 km, 2 h 25 m) → 畢祿山 → (732 m, 1 h 4 m) → 鋸齒三峰 → (162 m, 31 m) → 鋸山 → (1.4 km, 1 h 21 m) → 鋸東山屋 → (139 m, 9 m) → 鋸山東峰 → (217 m, 10 m) → 羊畢三叉路 → (811 m, 59 m) → 羊頭山 → (1.7 km, 2 h 55 m) → 安全下山",東
百岳,2,南投縣仁愛鄉,畢羊縱走,3,18.2,1841,1682,1841,"山徑,稜線路,岩稜",縱走,2800,3371,中央山脈,1,1,"畢羊縱走是由畢祿山出發、經鋸齒連峰、至羊頭山的縱走路線，陡上陡下的地形變化極具挑戰性。一般安排為兩天行程，由820 林道出發，步行 8.4 公里至畢祿登山口，陡上約 800 公尺至畢祿山頂，紮營於稜線，隔日續爬鋸齒連峰和羊頭山，再一路陡下 1,000 多公尺至慈恩登山口，結束縱走。可以一次完成兩座「中橫四辣」。","day: 820林道 0K處 → (844 m, 23 m) → 1K處 → (1.9 km, 33 m) → 3K處 → (2 km, 49 m) → 5K處 → (279 m, 7 m) → 木梯🪜 → (2.3 km, 55 m) → 7.5K處 工寮營地 → (876 m, 33 m) → 8.4K處 畢祿山登山口 → (439 m, 1 h 46 m) → 9K處 → (449 m, 1 h 7 m) → 六尺大絕壁 → (237 m, 59 m) → 10K處 → (103 m, 40 m) → 10.2K處 畢祿羊頭三叉口 → (105 m, 12 m) → 3300M 畢祿營地

day: 3371M 畢祿山三角點 → (1.1 km, 1 h 56 m) → 3275M 1.1K處 鉅山三角點 → (58 m, 38 m) → 1.3K處 第二處攀岩 → (1.5 km, 1 h 33 m) → 3.0K處  → (531 m, 28 m) → 3.8K處 畢祿羊頭三叉口 → (895 m, 1 h 20 m) → 4.1K處 羊頭山三角點 → (32 m, 17 m) → 回程-羊頭山三角點下 → (912 m, 54 m) → 回程 3.8K三叉口處 → (362 m, 36 m) → 2.5K處 → (1.2 km, 1 h 31 m) → 1.0K處 → (85 m, 7 m) → 第一處鐵梯 → (296 m, 20 m) → 第二處鐵梯 → (278 m, 24 m) → 0K處 羊頭山登山口",中
百岳,3,花蓮縣秀林鄉,奇萊主北 - 奇萊主山、奇萊主山北峰,2,21.5,831,1546,1546,"山徑,稜線路,碎石坡",縱走,2435,3560,中央山脈,1,1,奇萊主北指的是奇萊主山與奇萊主山北峰兩座百岳，是十分受山友歡迎的進階百岳路線。其中奇萊主山北峰更是百岳「一奇」與「十峻」，險峻的山勢、壯麗的景色，只要親身經歷過就再也難以忘懷。,"day: 奇萊登山口，滑雪山莊 → (1.3 km, 48 m) → 小奇萊 → (2.1 km, 1 h 4 m) → 黑水塘山屋 → (839 m, 40 m) → 成功山屋

day: 成功山屋 → (1.3 km, 1 h 44 m) → 稜線營地 → (0 m, 2 m) → 奇萊山屋 → (79 m, 2 m) → 稜線營地 → (1.4 km, 1 h 16 m) → 奇萊北峰 → (1.3 km, 45 m) → 稜線營地 → (0 m, 2 m) → 奇萊山屋

day: 奇萊山屋 → (3.1 km, 1 h 59 m) → 奇萊主山 → (3.1 km, 1 h 35 m) → 奇萊山屋 → (0 m, 2 m) → 稜線營地 → (1.4 km, 46 m) → 成功山屋 → (810 m, 26 m) → 黑水塘山屋 → (2.2 km, 1 h 51 m) → 小奇萊 → (1.3 km, 45 m) → 奇萊登山口，滑雪山莊",東
百岳,3,南投縣仁愛鄉,奇萊南華 - 奇萊南峰、南華山,3,39.5,1442,2398,2398,"山徑,稜線路,原始山徑",縱走,2280,3473,中央山脈,1,1,"【2024.08.08 更新】能高越嶺歩道西段及天池山莊將延長休園至 113 年 12 月 31 日。
詳情請見公告：https://tconline.forest.gov.tw/news/index.php?mode=data&id=474

「奇萊南華」過去是十分熱門的初階百岳路線，可登頂奇萊主山南峰（奇萊南峰）與南華山兩座百岳。一般安排為兩天一夜或三天兩夜行程，由屯原登山口出發後，行經平緩好走的能高越嶺古道西段 13 公里後可抵達天池山莊，隔天再登頂奇萊南峰與南華山。<br>此路線最為人嚮往的就是上行至稜線後，可盡覽一望無際的高山草原，尤其在晨曦映照下呈現金黃色，就是山友們夢寐以求的「黃金大草原」美景。<br>至南華山後可選擇由此處下切至光被八表碑，再接回天池山莊，途中可一覽卡賀爾山、能高主峰連綿的稜線，秀麗絕倫。唯需注意此段路線陡下不算好走，需審慎評估體力與天氣再前往。","day: 開始記錄
雲天宮登山口 → (867 m, 1 h) → 高繞次高點，2425峰 → (309 m, 19 m) → 景色初露 → (52 m, 20 m) →  → (99 m, 12 m) → 第15黃標（共28個黃標，我猜高繞一共2.8K） → (65 m, 8 m) → 高繞最高點，尾上山2532峰 → (1.1 km, 46 m) → 看到28黃標，代表高繞結束，接回能高越野古道西段 → (1.3 km, 29 m) → 第一座吊橋 → (368 m, 8 m) → 4.5 K 雲海保線所 → (34 m, 3 m) → 暫停記錄 在保線所休息約半小時用中餐，有洗手間可使用 → (596 m, 38 m) →  → (319 m, 20 m) → 6K 小崩壁 → (52 m, 4 m) → 6.5 K大崩壁 → (2.5 km, 1 h 24 m) → 木炭窯遺址 → (1 km, 39 m) → 9 K → (272 m, 8 m) →  → (297 m, 14 m) → 9.5 K，可欣賞10 K的大崩壁 → (344 m, 12 m) → 10 K大崩壁前的告示牌，說明10 K大崩壁如果封閉的高繞選擇！還好10 K有通，不然走這段高繞會大崩潰😅 → (62 m, 6 m) → 10 K大崩壁前的警示牌，請勿逗留 → (838 m, 25 m) → 猴板凳 → (1.5 km, 56 m) → 第二座吊橋 → (267 m, 6 m) → 第三座吊橋，往左側可進入能高瀑布 → (317 m, 14 m) → 到達天池山莊，第一天行程結束，共行進9小時，16公里，爬升1076公尺

day: 繼續記錄
第二天四點起登，朝南華山出發看日出 → (970 m, 47 m) → 停機坪 → (0 m, 3 m) → 天池，奇萊南峰與南華山分义點，南華山走右邊 → (1.2 km, 42 m) → 從天池後進入草原區，平緩好走，東方已現晨曦，之後登上南華三角點看日出，生平第一座百岳 → (1.6 km, 2 h 41 m) → 往奇萊南峰前進 → (277 m, 21 m) → 沒爬過這麼陡的險坡 → (176 m, 15 m) → 由於手機電力不足，人生第二座百岳請同學提供照片 → (101 m, 13 m) → 太陽光有夠會咬人 → (1.4 km, 3 h 18 m) → 暫停記錄
中午返回天池山莊休息補眠
爬奇萊南華共行走12公里，8小時24分，爬升664公尺 → (0 m, 3 h 21 m) → 繼續記錄
休息近四小時，往光被八表前進 → (0 m, 2 m) → 往能高主峰分义點 → (790 m, 16 m) → 很曖昧的兩顆樹☺️ → (1.5 km, 28 m) → 往銅門46公里😳😳 → (44 m, 3 m) → 往光被八表分义點 → (0 m, 2 m) → 光被八表，可惜白牆，沒夕陽可看 → (2.6 km, 55 m) → 回到天池山莊 → (0 m, 1 m) → 暫停記錄
沒想到在天池山莊太陽短暫露臉，也算是看到夕陽了

光被八表來回共行走6公里，2小時，爬升高度111公尺，算是最輕鬆愉快的行程 

2/29行程結束

day: 繼續記錄
3/1 第三天行程，7:30自山莊出發，只有4度且一片白牆，希望趕在下雨前回雲天宮登山口 → (5.7 km, 1 h 41 m) → 看到6.5 K大崩壁 → (1.1 km, 25 m) → 大崩壁 → (261 m, 11 m) → 走完6.5 K大崩壁 → (1.4 km, 32 m) → 雲海保線所 → (0 m, 1 m) → 暫停記錄 → (2.4 km, 1 h 26 m) → 下雨了，變裝中 → (171 m, 20 m) → 高繞最高點 → (669 m, 1 h 41 m) → 滿臉疲憊到達雲天宮登山口
第三天共走了15.7公里，6小時18分，上升386公尺",中
百岳,3,新竹縣尖石鄉,武陵四秀,3,25.7,1082,2478,2478,"山徑,稜線路,岩稜",縱走,1860,3524,雪山山脈,1,0,武陵四秀指的是橫列在武陵農場北緣的四座百岳，由西至東，依序是品田山、池有山、桃山、喀拉業山。這是一條非常受歡迎的百岳路線，一般會安排三天兩夜走完。其中品田山因為要過 V 斷較危險，若天候不佳則不建議前往。,"day: 武陵山莊 → (1.1 km, 43 m) → 松濤亭 → (5.6 km, 5 h 57 m) → 三叉營地 → (39 m, 10 m) → 池有山登山口 → (203 m, 8 m) → 池有山 → (255 m, 10 m) → 池有名樹

day: 新達山屋 → (1.2 km, 1 h 8 m) → 品田山前峰 → (216 m, 12 m) → 品田山 → (1.4 km, 46 m) → 新達山屋 → (1.2 km, 43 m) → 池有山登山口 → (0 m, 4 m) → 三叉營地

day: 桃山山屋 → (222 m, 11 m) → 桃山 → (1.4 km, 38 m) → 詩崙山 → (1.3 km, 38 m) → 喀拉業山 → (2.9 km, 1 h 38 m) → 桃山 → (84 m, 6 m) → 桃山山屋 → (4.1 km, 2 h 36 m) → 松濤亭 → (1.1 km, 29 m) → 武陵山莊",北
百岳,3,花蓮縣秀林鄉,卡賀爾山與能高山,3,42.7,1469,2532,2532,"山徑,稜線路,碎石坡",縱走,1400,3262,中央山脈,1,1,"【能高山 & 卡賀爾山登山步道】
能高山和卡賀爾山是臺灣北部的兩座經典山嶽，對於愛好登山的人來說，這兩條路線是不容錯過的。能高山海拔3262公尺，位列百岳之一，山形尖峰如金字塔，頂峰遍佈箭竹草原。卡賀爾山海拔3105公尺，雖不是百岳，但其牛角狀的山體造型十分獨特，讓人一眼就能夠識別。
這兩座山都是北三段（能高安東軍）縱走必經之路，兩旁的箭竹林和芒草高大濃密，必須雙手用力撥草尋找路跡，而且因往往含有露水，可能會濕身。天氣不佳時，強風驟雨會幹擾行進，容易迷路且失溫，算是一個相對困難的登山步道。
但當你走過高大箭竹林的障礙，到達上稜線後，便會見到美景無限。能高山主峰和南峰的綿延山勢，以及奇萊連峰、能高連峰、廬山六寶等山嶽美景，一覽無遺。沿途繞過鳥嘴尖山壯觀的大岩體後，再經過數個假山頭，便可到達登山路線的終點——能高山主峰。步道沿途不設特別的設施，但絕美的景致絕對會讓您為之一振，值得一遊。","day: 屯原登山口 → (4.6 km, 3 h 6 m) → 雲海保線所 → (8.6 km, 5 h 38 m) → 能高瀑布 → (313 m, 10 m) → 天池山莊

day: 天池山莊 → (2.7 km, 1 h 13 m) → 光被八表 → (3.1 km, 2 h 5 m) → 卡賀爾山 @ 花蓮縣 → (2 km, 1 h 21 m) → 能高山 @ 花蓮縣 → (7.5 km, 3 h 53 m) → 天池山莊

day: 天池山莊 → (311 m, 13 m) → 能高瀑布 → (8.6 km, 4 h 29 m) → 雲海保線所 → (4.7 km, 2 h 18 m) → 屯原登山口",東
百岳,3,臺東縣海端鄉,嘉明湖國家步道,2,25.5,935,1856,1856,"山徑,高山草原,碎石路",線型單向,2800,3619,中央山脈,0,1,嘉明湖國家步道為中央山脈南二段的一部分，步道全程路徑明顯，高山生態景觀豐富多變，穿越台灣鐵杉林、台灣冷杉林、高山深谷、斷崖崩壁、箭竹草原及山頂稜線，步道所經的向陽山和三叉山兩座台灣百岳生態景觀各具特色，向陽山為中央山脈高山寒原生態分布的最南界限，三叉山則以廣闊壯麗的高山草原及不遠處如藍寶石般的嘉明湖聞名。（資料來源：台灣山林悠遊網）,"day: 向陽管制站 → (607 m, 3 h 19 m) → 嘉明湖國家步道 → (1.2 km, 1 h 51 m) → 向陽山屋 → (1 km, 1 h 29 m) → 向陽名樹 → (1.2 km, 1 h 6 m) → 向陽山登山口 → (463 m, 26 m) → 向陽山 → (463 m, 14 m) → 向陽山登山口 → (855 m, 24 m) → 嘉明湖避難山屋

day: 嘉明湖避難山屋 → (3.1 km, 1 h 38 m) → 三叉山登山口 → (969 m, 31 m) → 三叉山與新康山叉路 → (415 m, 12 m) → 嘉明湖 → (7 m, 1 m) → 📍[2024 高山湖泊收集挑戰] 活動目標點 → (439 m, 14 m) → 三叉山與新康山叉路 → (400 m, 18 m) → 三叉山 → (634 m, 17 m) → 三叉山登山口 → (3.2 km, 1 h 43 m) → 嘉明湖避難山屋

day: 嘉明湖避難山屋 → (873 m, 34 m) → 向陽山登山口 → (1.3 km, 37 m) → 向陽名樹 → (1.4 km, 43 m) → 向陽山屋 → (2.3 km, 1 h 5 m) → 嘉明湖國家步道 → (1.6 km, 45 m) → 向陽管制站",東
百岳,3,屏東縣泰武鄉,北大武山步道,2,21,919,1879,1879,"山徑,原始山徑,稜線路",線型單向,1400,3092,中央山脈,0,1,"北大武山為中央山脈南端最後一座海拔超過 3,000 公尺以上的高山，百岳「五嶽」之一，當地排灣族視為聖山，稱之為「Meli-miligang」，意為夢幻之美。擁有全臺面積最大的原始林，蘊藏著豐富的生物資源。從舊登山口沿途行經檜谷山莊、大武祠至北大武山頂，共約9公里，海拔變化約有 1,549 公尺，都在南臺灣自然美景的最精華區域「大武山自然保留區」及「雙鬼湖野生動物重要棲息環境」內。而最令人驚豔的著名美景則是秋冬季的雲海。（資料來源：台灣山林悠遊網）","day: 北大武新登山口 → (214 m, 20 m) → 高繞 → (459 m, 17 m) → 高繞 → (323 m, 29 m) → 日湯真山登山口 → (1.5 km, 1 h 6 m) → 北大武舊登山口 → (2.3 km, 2 h 29 m) → 喜多麗斷崖 → (335 m, 32 m) → 檜谷山莊

day: 檜谷山莊 → (1.7 km, 3 h 48 m) → 大武祠 → (802 m, 32 m) → 北大武山 → (707 m, 24 m) → 大武祠 → (3.2 km, 1 h 51 m) → 檜谷山莊

day: 檜谷山莊 → (348 m, 14 m) → 喜多麗斷崖 → (2.7 km, 1 h 37 m) → 北大武舊登山口 → (1.8 km, 59 m) → 日湯真山登山口 → (318 m, 14 m) → 高繞 → (407 m, 14 m) → 高繞 → (182 m, 10 m) → 北大武新登山口",南
百岳,3,苗栗縣泰安鄉,武陵四秀與大霸群峰縱走,3,29.8,2001,3214,3214,"山徑,稜線路,岩稜",縱走,1100,3524,雪山山脈,1,1,包含池有山、品田山、布秀蘭山、巴紗拉雲山、大霸尖山、小霸尖山，共 4 座百岳。,"day: 武陵山莊登山口開始登山 → (1.3 km, 1 h 11 m) → 池有山登山口！ → (2.8 km, 4 h 39 m) → 三叉營地 → (333 m, 44 m) → 池有山登頂 → (219 m, 15 m) → 返回池有登山口 → (703 m, 1 h 6 m) → 新達池 → (341 m, 13 m) → 新達山屋大霸尖山分岔點 → (1.6 km, 3 h 9 m) → 溪底 → (1.8 km, 4 h 48 m) → 霸南山屋

day: 從霸南出發大小霸 → (684 m, 1 h 21 m) → I love you 平台 → (745 m, 1 h 21 m) → 小霸尖山登頂 → (793 m, 56 m) → 大霸尖山完成 → (1 km, 1 h 37 m) → 回到霸南山屋 → (192 m, 2 h 51 m) → 回到山屋暫停沒有按到

day: 霸南山屋出發回程 → (640 m, 1 h 2 m) → 廢棄山屋 → (1.6 km, 1 h 20 m) → 回到溪底 → (1.3 km, 1 h 51 m) → 大休 → (459 m, 1 h 4 m) → 回到新達池 → (936 m, 1 h) → 池有登山口 → (93 m, 7 m) → 三叉營地 → (2.8 km, 1 h 59 m) → 回到品田登山口 → (1.3 km, 55 m) → 安全下山",中
百岳,3,南投縣仁愛鄉,白姑大山,2,15.8,721,1673,1673,"山徑,稜線路,林道",線型單向,2000,3341,中央山脈,1,1,白姑大山名列百岳，是「中橫四辣」中的「特辣」，沿途困難地形多，需穿越箭竹、倒木、石瀑並陡上陡下，在體能與經驗上都有十足的挑戰性。單日往返對體能負擔大，因此若時間許可，安排二至三日完成是比較妥當的選擇。,"day: 白姑大山登山口 → (2.1 km, 2 h 23 m) → 三錐山 → (2 km, 1 h 51 m) → 司晏池

day: 司晏池 → (712 m, 41 m) → 白姑大山東南峰 → (740 m, 26 m) → 吉他營地 → (1.5 km, 1 h 37 m) → 青草池 → (336 m, 29 m) → 白姑大山 → (332 m, 13 m) → 青草池 → (1.5 km, 49 m) → 吉他營地 → (788 m, 55 m) → 白姑大山東南峰 → (665 m, 24 m) → 司晏池

day: 司晏池 → (2 km, 1 h 3 m) → 三錐山 → (2.2 km, 1 h 10 m) → 白姑大山登山口",中
百岳,3,高雄市桃源區,玉山前五峰,3,38.1,1537,2992,2992,"石階步道,碎石路,岩石路",縱走,2590,3952,玉山山脈,1,1,玉山前五峰包括：玉山主峰、玉山東峰、玉山北峰、玉山西峰、玉山前峰，安排三至四天走完較為寬裕。,"day: 上東埔停車場 → (3.7 km, 2 h 10 m) → 塔塔加鞍部 → (1.3 km, 1 h 9 m) → 孟祿亭 → (1 km, 43 m) → 玉山前峰登山口 → (2.1 km, 1 h 42 m) → 白木林休憩亭 → (3 km, 2 h 22 m) → 排雲山莊 → (1.9 km, 1 h 13 m) → 玉山西峰 → (72 m, 2 m) → 山神廟 → (0 m, 4 m) → 玉山西峰 → (2 km, 1 h 1 m) → 排雲山莊

day: 排雲山莊 → (572 m, 41 m) → 圓峰叉路口 → (967 m, 56 m) → 主北叉路 → (112 m, 16 m) → 玉山主峰 → (956 m, 38 m) → 玉山東峰 → (896 m, 58 m) → 玉山主峰 → (151 m, 9 m) → 主北叉路 → (2.1 km, 1 h 18 m) → 玉山北峰 → (2 km, 1 h 14 m) → 主北叉路 → (1.7 km, 56 m) → 排雲山莊

day: 排雲山莊 → (3 km, 1 h 39 m) → 白木林休憩亭 → (2.1 km, 1 h 12 m) → 玉山前峰登山口 → (519 m, 1 h 13 m) → 玉山前峰 → (538 m, 23 m) → 玉山前峰登山口 → (926 m, 43 m) → 孟祿亭 → (1.3 km, 46 m) → 塔塔加鞍部 → (3.6 km, 1 h 58 m) → 上東埔停車場",南
百岳,3,臺中市和平區,雪山主東峰下翠池,3,23.4,986,2286,2286,"山徑,稜線路,高山草原",線型單向,1800,3886,雪山山脈,1,1,翠池為臺灣海拔最高的高山湖泊，由雪山主峰經碎石坡一路陡下，至森林小徑，抵達翠池。夕陽西下時，將有機會看到「黃金北稜角」的絕景。,"day: 雪山大水池登山口 → (1.8 km, 1 h 45 m) → 七卡山莊 → (1.6 km, 1 h 50 m) → 哭坡觀景台 → (973 m, 47 m) → 雪山東峰 → (2.2 km, 1 h 10 m) → 三六九山莊

day: 三六九山莊 → (1.4 km, 1 h 9 m) → 黑森林 → (1.4 km, 1 h 23 m) → 雪山一號圈谷 → (576 m, 37 m) → 雪山主峰 → (1.5 km, 44 m) → 翠池山屋 → (53 m, 4 m) → 📍[2024 高山湖泊收集挑戰] 活動目標點 → (28 m, 3 m) → 翠池 → (32 m, 3 m) → 翠池山屋

day: 翠池山屋 → (1.5 km, 1 h 33 m) → 雪山主峰 → (533 m, 18 m) → 雪山一號圈谷 → (1.4 km, 43 m) → 黑森林 → (1.4 km, 39 m) → 三六九山莊 → (3.2 km, 1 h 39 m) → 哭坡觀景台 → (1.7 km, 55 m) → 七卡山莊 → (1.8 km, 55 m) → 雪山大水池登山口",中
百岳,3,新竹縣尖石鄉,大霸北稜線,3,37.7,1381,2536,2536,"山徑,稜線路,岩稜",縱走,1500,3492,雪山山脈,1,1,"大霸北稜是一條絕美的登山路線，也是嶽界最知名的路線之一。這條路線從鎮西堡神木群出發，經過一條泰雅族原住民的獵徑，攀上大霸群峰。這次徒步旅行絕對值得花費3~5天的時間。
這條路線的特色之一是無敵的陡坡。同時，路線上還有高大的箭竹林和濃密的芒草。你還要跨越倒木橫陳的原始森林。但是，當你到達南馬洋山之後，路線的景色變得更加開闊，同時進入了雪霸國家公園的範圍。
在攀爬到海拔3350公尺的中霸坪之後，坡度緩和了下來。從這個高度你可以欣賞到大、小霸尖山、東霸連峰、武陵四秀和北一段等群山。同時，這裡還可以欣賞到日出「黃金大霸」的美景。
這條路線是攀登大霸群峰的另一種路線選擇。是大鹿林道東線坍方封閉之後的最佳登山路線選擇。","day: 鎮西堡神木群停車場 @ 新竹縣 → (3.5 km, 3 h 50 m) → 2468峰 @ 新竹縣 → (3.7 km, 2 h 20 m) → Mayang Shan @ 新竹縣 → (4.1 km, 2 h 9 m) → 薩克亞金溪 @ 新竹縣

day: 薩克亞金溪 @ 新竹縣 → (2.3 km, 2 h 22 m) → 中霸坪 @ 苗栗縣 → (4.9 km, 2 h 30 m) → 森林三角點 補寺(21) @ 苗栗縣 → (5.7 km, 3 h 21 m) → 中霸坪 @ 新竹縣 → (3.8 km, 2 h 1 m) → Nanmayang Shan @ 新竹縣

day: Nanmayang Shan @ 新竹縣 → (4.7 km, 2 h 1 m) → 馬望女山路線 @ 新竹縣 → (4.6 km, 2 h 26 m) → 鎮西堡神木群停車場 @ 新竹縣",北
百岳,3,苗栗縣泰安鄉,雪山北峰,3,24.2,1027,1837,1837,"山徑,稜線路,箭竹坡",線型單向,1800,3703,雪山山脉,1,1,雪山北峰，在泰雅語中稱為「Babo Tarakusya」，日治時期名為次高北山，屬於聖稜線的一部分。一般由武陵農場內的大水池登山口出發，經七卡山莊、哭坡、雪山東峰、三六九山莊、凱蘭特崑山北峰、雪北山屋，最後至雪山北峰。,"day: 開始登山 → (744 m, 27 m) → 觀景台 → (955 m, 24 m) → 七卡山莊 → (0 m, 1 m) → 暫停

day: 哭坡 → (798 m, 43 m) → 雪東三叉路口 → (1.9 km, 51 m) → 三六九山莊 → (815 m, 39 m) → 山莊、凱蘭特、雪主三叉路口 → (1.5 km, 1 h 1 m) → 水源地（溪） → (377 m, 31 m) → 黑森林水源路2km → (202 m, 19 m) → 碎石坡開始上升 → (152 m, 25 m) → 碎石坡結束/左往北陵角(水源路2.5km) → (173 m, 9 m) → 凱蘭特昆山北峰 → (1.8 km, 1 h 33 m) → 雪北山屋 → (587 m, 44 m) → 素密達、雪北、山屋三叉路口 → (145 m, 10 m) → 雪北三角點 → (423 m, 36 m) → 回雪北山屋 → (1.8 km, 1 h 42 m) → 回三叉路口 → (435 m, 36 m) → 回2km → (406 m, 24 m) → 回水源地 → (1.4 km, 52 m) → 回雪主三叉路口 → (222 m, 10 m) → 暫停

day: 起走 → (1.9 km, 50 m) → 雪山東峰 → (814 m, 31 m) → 回哭坡 → (1.9 km, 1 h 22 m) → 回七卡山莊 → (949 m, 18 m) → 回觀景台 → (737 m, 17 m) → 回登山口 → (0 m, 0 s) → 安全下山",中
百岳,3,花蓮縣秀林鄉,中央尖山,3,43.9,2519,4645,4645,"岩稜,垂直岩壁,原始山徑",線型單向,1200,3705,中央山脉,1,1,為岳界山尖之首，與大霸尖山和達芬尖山合稱「臺灣三尖」，山形呈尖銳的錐形，坐鎮在中央山脈北一段與北二段的交接處，與南湖大山遙望相對。山勢高聳峭拔，地處偏遠，攀登頗具難度，富有挑戰性。,"day: D1開始登山
勝光果園 → (2 km, 1 h) → 勝光2.3k → (1.8 km, 39 m) → 6.8k登山口 → (1.3 km, 50 m) → 松風嶺 → (1.4 km, 1 h 4 m) → 多家屯山 → (1.8 km, 1 h 3 m) → 木桿鞍部 → (1.4 km, 1 h 3 m) → 暫停登山
南湖溪山屋 → (26 m, 38 m) → 開始登山
南湖溪山屋 → (1.9 km, 1 h 33 m) → 夫妻樹營地 → (1.5 km, 1 h 13 m) → 香菇寮 → (12 m, 32 m) → 暫停登山
香菇寮

day: D2開始登山
香菇寮 → (3.9 km, 1 h 38 m) → 中央尖溪山屋 → (4.5 km, 3 h 47 m) → 暫停登山
中央尖鞍部 → (10 m, 48 m) → 開始登山
中央尖鞍部 → (550 m, 52 m) → 中央尖山
暫停登山
 → (4 m, 42 m) → 開始登山
回程 → (5 km, 3 h 36 m) → 中央溪山屋 → (3 km, 1 h 39 m) → 暫停登山
香菇寮

day: D3開始登山
香菇寮 → (1.7 km, 1 h 19 m) → 夫妻樹營地 → (1.8 km, 1 h 8 m) → 暫停登山
南湖溪山屋 → (118 m, 38 m) → 開始登山
南湖溪 → (1.1 km, 51 m) → 木桿鞍部 → (1.9 km, 1 h 4 m) → 多加屯山 → (2.4 km, 1 h 3 m) → 6.8k登山口 → (2 km, 38 m) → 勝光山 → (2 km, 39 m) → 安全下山
勝光登山口",東
百岳,3,南投縣信義鄉,治茆山連走西巒大山、巒安堂,3,28.9,1159,2413,2413,"山徑,原始山徑,稜線路",縱走,1400,3081,玉山山脈,1,1,"「治茆山連走西巒大山」是一條擁有自然和人文風光的魅力迷人登山路線。這條路線適合那些尋求挑戰的登山者，雖然相對於其他登山路線，卻不用面臨太大的落差挑戰。沿路景緻美不勝收，天然的石階引導您一路登山。 
西巒大山登山路線佈滿著早期森林資源開發時期所建的建築，包括了伐木行政中心、員工宿舍、車庫等。這些特色建築物讓您可以深度體驗臺灣林業的前世今生。 
從治茆山連走西巒大山起點開始，踏上石階，您就能欣賞到高山景緻和自然美景，沿途經過多處伐木行政中心和員工宿舍的遺址與建築。攀登約1500公尺的高度，這條路線雖然不算太長，卻仍有一定難度，需要有一些體力、耐力和技巧去克服山路的挑戰。 
這條路線最適合有登山經驗和身體健康的人，完成登山行程後您會感到自己所達到的成就感和美景帶來的平靜感。不論您是初次踏入登山者還是尋找新的山徑，西巒大山都是值得一試的好選擇。","day: 雙龍林道16K行車終點 → (3.7 km, 2 h 33 m) → 第一水源處 → (561 m, 24 m) → 第二水源處 → (550 m, 30 m) → 第三水源處 → (330 m, 8 m) → 最後水源處 → (1.4 km, 53 m) → 人倫林道

day: 人倫林道 → (2.3 km, 2 h 28 m) → 治茆山南峰 @ 南投縣 → (1.2 km, 51 m) → 治茆山 @ 南投縣 → (4.4 km, 2 h 49 m) → Beiluanda Shan @ 南投縣 → (5 km, 2 h 55 m) → 巒安堂 @ 南投縣

day: 巒安堂 @ 南投縣 → (2.4 km, 2 h 7 m) → 西巒大山 @ 南投縣 → (2 km, 1 h 13 m) → 瞭望臺 → (3.6 km, 1 h 56 m) → 人倫林道登山口 → (941 m, 24 m) → 人倫工作站 @ 南投縣 → (99 m, 4 m) → 17.1K柵欄",中
百岳,3,南投縣信義鄉,巒安堂上西巒大山,3,26.4,1020,2088,2088,"山徑,原始山徑,稜線路",線型單向,1573,3081,玉山山脈,1,1,「巒巍聳立雲山騰瑞氣，安鎮人倫林地顯禎祥」，巒安堂門前的對聯見證了臺灣林業的輝煌時代。曾是巒大山林場人倫工作站的行政中心，海拔 2600 公尺，是當時林務局所設最高的工作站。是一條兼具人文歷史又能登百岳的路線。,"day: 開始登山 → (181 m, 11 m) → 叉路取左 有疊石 走在闊葉林中 路徑清楚 → (569 m, 31 m) → 上接林道取左 轉往東南方 → (87 m, 13 m) → 過倒木 → (608 m, 14 m) → 過倒木
7:30 左邊路徑下方有大平地 需整地 4t*4 附近無水源 → (702 m, 23 m) → 7:37 開始過崩壁 
7:50過完崩壁 展望佳 休20 分鐘 可見日月潭大尖水社 
*有綠網做土石加固 路徑算明顯 踏墊穩固
8:10 出發
0:14 遇叉路 取左下

 → (1.3 km, 54 m) → 木橋 → (369 m, 11 m) → 木梯 → (49 m, 19 m) → 石壁青苔水源
10:05 拉繩過溪溝 此處很滑 需小心注意 
*照片為拉繩過溪溝的狀況 → (578 m, 1 h 17 m) → 上攀乾溪溝 結束 → (543 m, 1 h 11 m) → 一空地 4t 2 → (114 m, 5 m) → 過溪 在此取水 → (139 m, 24 m) → 到達路邊空地 沿路可見橘色水管 扎營 大概可以扎4Tx3 穩定活水源往回走三分鐘

day: 出發 → (49 m, 5 m) → 石壁拉繩 上 → (1.1 km, 23 m) → 叉路 取右 → (80 m, 1 m) → 停機坪 接下來的路在右手邊 有壞掉的發電機跟路條 → (259 m, 13 m) → 叉路 取右 → (66 m, 3 m) → 連續陡上兩段後 上接林道 → (39 m, 2 m) → 廢機車 → (1.4 km, 43 m) → 木工寮 → (1.6 km, 44 m) → 崩溝水泥大水管 → (800 m, 19 m) → 台電基地點 → (554 m, 16 m) → 路邊小休 → (209 m, 14 m) → 崩壁 → (813 m, 15 m) → 牡丹園上切處 → (194 m, 11 m) → 牡丹園 → (151 m, 11 m) → 巒安堂 往西巒大山登山口在下樓梯後 右轉一段路後會在右手邊看到有綁布條的上切點 → (51 m, 25 m) → 西巒登山口 一路之字型陡上 → (766 m, 37 m) → 上稜 → (278 m, 12 m) → 小空地 世偉穿雨褲 → (359 m, 15 m) → 路邊 休 → (137 m, 12 m) → 轉稜 → (227 m, 9 m) → 休 → (230 m, 8 m) → 休 → (177 m, 11 m) → 西巒大山 → (25 m, 26 m) → 西巒大山 山頂 出發 → (2.2 km, 1 h 5 m) → 登山口 → (132 m, 4 m) → 返抵巒安堂 → (0 m, 10 m) → 巒安堂出發 → (7.6 km, 2 h 30 m) → 返抵營地

day: 崩壁起點 → (3.5 km, 48 m) → 登山口",中
百岳,3,南投縣仁愛鄉,奇萊北壁下屏風山,3,22.8,2888,2656,2888,"岩稜,垂直岩壁,碎石坡",線型單向,2400,3560,中央山脉,1,1,是一條地形多變的高難度挑戰路線，會經過風化的岩石、陡峭的瘦稜、碎石溝、橫渡碎石坡、破碎易崩塌的地形。,"day: 開始登山 → (1.5 km, 41 m) → 小奇萊 1.3k → (2.1 km, 1 h 15 m) →  → (518 m, 1 h 10 m) → 成功山屋 → (1.4 km, 3 h 47 m) → Camping spot today

day: 攻頂啦！ → (602 m, 1 h 16 m) → 雙塔 → (16 m, 40 m) → 出山洞續行 → (1.4 km, 2 h 37 m) → 屏東山南峰 → (625 m, 2 h 4 m) → 往屏風山前進 → (296 m, 22 m) → 新舊岔路 → (803 m, 43 m) → 屏風山抵達！ → (960 m, 1 h 56 m) → 下 → (785 m, 32 m) → 下 → (0 m, 0 s) → 下 → (165 m, 9 m) → 休 → (851 m, 51 m) → 松針營地

day: 出發前往大禹嶺～ → (827 m, 30 m) → 鐵線橋營地 → (653 m, 40 m) → 小休 → (374 m, 23 m) → 休 → (356 m, 29 m) → 休 → (562 m, 40 m) → 小溪抵達！ → (492 m, 42 m) → 一半！ → (324 m, 27 m) → Arrival!!!",中
百岳,3,高雄市桃源區,八通關上玉山,3,40,1363,4150,4150,"古道,石階步道,碎石路",線型單向,1200,3952,玉山山脉,1,1,為日治時期登上新高山（玉山）的路線，因此沿途可以見到許多當時留下來的駐在所遺址。相較於塔塔加路線，八通關路線較為困難，不只高度落差超過兩倍，且因其沿線地質脆弱，加上颱風與地震，造成多處崩塌。,"day: 東埔八通關入口 → (853 m, 48 m) → 愛玉亭 → (3 km, 1 h 28 m) → 雲龍瀑布 → (1.4 km, 1 h 5 m) → 樂樂山屋 → (728 m, 38 m) → 乙女瀑布 → (1.8 km, 1 h 3 m) → 小乙女瀑布 → (77 m, 2 m) → 四G困難地形 → (250 m, 1 h 16 m) → 活水源 休息點 → (0 m, 1 m) → 4G困難地形 → (4.6 km, 3 h 45 m) → 比三叉路還平的營地 → (851 m, 1 h 1 m) → 有水啦！爽啦

day: 第二天 出發 → (972 m, 29 m) → 取水點再一次經過 → (1 km, 1 h 18 m) → 新舊路叉路口 → (883 m, 1 h 38 m) → 山羊遺骸 → (922 m, 37 m) → 玉山背影 → (490 m, 26 m) → 崩橋 → (609 m, 27 m) → 新高駐在所遺址 → (31 m, 49 m) → 午餐大休 → (364 m, 53 m) → 小崩壁 → (1.2 km, 1 h 16 m) → 伏地水源 → (276 m, 11 m) → 荖濃溪營地

day: 啟登 → (854 m, 1 h 26 m) → 荖濃溪主北三叉路口 → (1.7 km, 1 h 6 m) →  玉山北峰氣象站 → (0 m, 1 h 32 m) → 吃飽喝足 下山 → (2.7 km, 2 h) → 超破碎的石瀑地形 → (195 m, 1 h 3 m) → 玉山主峰 → (1.8 km, 2 h 50 m) → 大峭壁 → (1 km, 39 m) → 涼亭 → (2.1 km, 1 h 2 m) → 前鋒登山口 → (963 m, 16 m) → 孟祿亭 → (1.5 km, 30 m) →  → (10 m, 0 s) → 安全下山",南
